id,first_name,last_name,email
1,Emilee,Melledy,melledy.emilee@phpbb.com
2,Aubine,Terris,terris.aubine@github.com
3,Truman,Tebbitt,tebbitt.truman@freewebs.com
4,Carolann,Southan,southan.carolann@bandcamp.com
5,Gothart,Bellamy,bellamy.gothart@home.pl
6,Elenore,Glazyer,glazyer.elenore@netlog.com
7,Neely,Lief,lief.neely@huffingtonpost.com
8,Gasper,Shetliff,shetliff.gasper@hostgator.com
9,Sonnie,Marrion,marrion.sonnie@chronoengine.com
10,Craig,Gilcriest,gilcriest.craig@nymag.com
11,Candide,Keese,keese.candide@go.com
12,Ginnie,Cosans,cosans.ginnie@issuu.com
13,Carolan,Capponeer,capponeer.carolan@reuters.com
14,Lura,Rosenhaupt,rosenhaupt.lura@wikipedia.org
15,Danell,Bathowe,bathowe.danell@rediff.com
16,Kendell,Whitelock,whitelock.kendell@dailymail.co.uk
17,Field,Larchier,larchier.field@harvard.edu
18,Cristian,Saer,saer.cristian@mit.edu
19,Alecia,Macer,macer.alecia@google.nl
20,Ferdy,Abbie,abbie.ferdy@buzzfeed.com
21,Archy,Bonhomme,bonhomme.archy@simplemachines.org
22,Maurie,Scheffel,scheffel.maurie@opera.com
23,Lorry,Laxe,laxe.lorry@ehow.com
24,Carly,Southworth,southworth.carly@csmonitor.com
25,Land,O'Flynn,o'flynn.land@ca.gov
26,Maryanne,Rammell,rammell.maryanne@etsy.com
27,Berne,Chataignier,chataignier.berne@noaa.gov
28,Blondell,Glaze,glaze.blondell@cloudflare.com
29,Raul,Snazel,snazel.raul@ibm.com
30,Nicolina,Dunckley,dunckley.nicolina@unc.edu
31,Sonny,Georgeon,georgeon.sonny@icq.com
32,Granny,Yewen,yewen.granny@nymag.com
33,Benjie,Woolland,woolland.benjie@marriott.com
34,Carma,Going,going.carma@paginegialle.it
35,Torrin,August,august.torrin@360.cn
36,Shane,Filipyev,filipyev.shane@sakura.ne.jp
37,Liva,Kilmister,kilmister.liva@so-net.ne.jp
38,Brietta,McKibbin,mckibbin.brietta@squarespace.com
39,Melly,Spreadbury,spreadbury.melly@zimbio.com
40,Noelyn,Melledy,melledy.noelyn@bandcamp.com
41,Herbert,Jerson,jerson.herbert@npr.org
42,Pascal,Daniels,daniels.pascal@msn.com
43,Ruy,Roskam,roskam.ruy@liveinternet.ru
44,Melany,Steed,steed.melany@xinhuanet.com
45,Sharona,Bracken,bracken.sharona@github.io
46,Kris,Timcke,timcke.kris@google.com.hk
47,Mozelle,Shovelbottom,shovelbottom.mozelle@economist.com
48,Rickard,Mazella,mazella.rickard@ftc.gov
49,Noach,Routham,routham.noach@google.es
50,Karina,Hounsom,hounsom.karina@angelfire.com
51,Candace,Parzis,parzis.candace@europa.eu
52,Gunar,Bowdidge,bowdidge.gunar@archive.org
53,Nat,Grigorey,grigorey.nat@twitter.com
54,Bernete,Bunford,bunford.bernete@list-manage.com
55,Liz,Brackley,brackley.liz@oaic.gov.au
56,Mommy,Leakner,leakner.mommy@fema.gov
57,Staford,Richens,richens.staford@jiathis.com
58,Ranee,Bedborough,bedborough.ranee@macromedia.com
59,Teddie,Maric,maric.teddie@github.io
60,Bowie,McClymond,mcclymond.bowie@wikimedia.org
61,Chelsae,Garrick,garrick.chelsae@comsenz.com
62,Alberta,Burnett,burnett.alberta@parallels.com
63,Constantino,Shoreman,shoreman.constantino@umn.edu
64,Levi,Krysztofowicz,krysztofowicz.levi@dyndns.org
65,Charlotte,Griffiths,griffiths.charlotte@nsw.gov.au
66,Damian,McIlwain,mcilwain.damian@utexas.edu
67,Kerby,Hanscombe,hanscombe.kerby@webeden.co.uk
68,Tiffie,Cusworth,cusworth.tiffie@webnode.com
69,Nikos,Yeulet,yeulet.nikos@salon.com
70,Helenelizabeth,Olifaunt,olifaunt.helenelizabeth@chronoengine.com
71,Arvin,Sliman,sliman.arvin@zimbio.com
72,Mariana,Durie,durie.mariana@domainmarket.com
73,Lita,Elcott,elcott.lita@about.me
74,Bayard,Meneghi,meneghi.bayard@netlog.com
75,Sawyere,Savile,savile.sawyere@miibeian.gov.cn
76,Katharine,Devoy,devoy.katharine@wix.com
77,Jaynell,Dairton,dairton.jaynell@globo.com
78,Perl,Farndon,farndon.perl@homestead.com
79,Thaddus,Grichukhin,grichukhin.thaddus@time.com
80,Bar,Shew,shew.bar@state.tx.us
81,Nevsa,Kislingbury,kislingbury.nevsa@rambler.ru
82,Chauncey,Slateford,slateford.chauncey@booking.com
83,Joana,Brainsby,brainsby.joana@redcross.org
84,Burnaby,Laminman,laminman.burnaby@digg.com
85,Land,Fairlie,fairlie.land@tuttocitta.it
86,Bethanne,Cullerne,cullerne.bethanne@flickr.com
87,Kym,Billson,billson.kym@yellowpages.com
88,Lisle,Falcus,falcus.lisle@cbsnews.com
89,Kevin,Trebilcock,trebilcock.kevin@photobucket.com
90,Fan,Garroch,garroch.fan@amazonaws.com
91,Burch,Shildrake,shildrake.burch@google.com.hk
92,Trip,Blackley,blackley.trip@github.com
93,Colene,Wilse,wilse.colene@marketwatch.com
94,Lisbeth,Lenox,lenox.lisbeth@com.com
95,Zsazsa,Pottinger,pottinger.zsazsa@ebay.co.uk
96,Jennifer,Wikey,wikey.jennifer@nyu.edu
97,Eugenius,Chisolm,chisolm.eugenius@nymag.com
98,Samantha,Rummery,rummery.samantha@msu.edu
99,Wyndham,Skillington,skillington.wyndham@si.edu
100,Ag,Bohman,bohman.ag@ucoz.com
101,Dewey,Copperwaite,copperwaite.dewey@reference.com
102,Theadora,Valde,valde.theadora@mediafire.com
103,Merrily,Molyneaux,molyneaux.merrily@gov.uk
104,Elli,Najera,najera.elli@quantcast.com
105,Crissy,Goodfield,goodfield.crissy@columbia.edu
106,Ashia,Pochet,pochet.ashia@eventbrite.com
107,Guthry,Strafen,strafen.guthry@gmpg.org
108,Nolly,Buddock,buddock.nolly@usnews.com
109,Rosana,Coiley,coiley.rosana@cnbc.com
110,Moyra,D'Antoni,d'antoni.moyra@eventbrite.com
111,Dacia,de Grey,de grey.dacia@scientificamerican.com
112,Konstance,Roos,roos.konstance@ycombinator.com
113,Elwin,Baglow,baglow.elwin@go.com
114,Kevyn,Choppin,choppin.kevyn@dailymail.co.uk
115,Rani,Bazek,bazek.rani@icq.com
116,Sheela,Ritchley,ritchley.sheela@ft.com
117,Garreth,Seakin,seakin.garreth@artisteer.com
118,Alissa,Elizabeth,elizabeth.alissa@t.co
119,Arleyne,Goldston,goldston.arleyne@miibeian.gov.cn
120,Cass,Yakebovich,yakebovich.cass@yellowbook.com
121,Stanwood,Casillis,casillis.stanwood@phoca.cz
122,Hyacinthe,Fingleton,fingleton.hyacinthe@dion.ne.jp
123,Petey,Monson,monson.petey@utexas.edu
124,Darnell,Zapatero,zapatero.darnell@deliciousdays.com
125,Sumner,Sherbourne,sherbourne.sumner@mozilla.org
126,Renae,Russo,russo.renae@weather.com
127,Mahmud,Ogilby,ogilby.mahmud@booking.com
128,Alasteir,MacArthur,macarthur.alasteir@miibeian.gov.cn
129,Josiah,Salvatore,salvatore.josiah@ovh.net
130,Conrad,Pollicatt,pollicatt.conrad@umich.edu
131,Sukey,Sherborn,sherborn.sukey@vkontakte.ru
132,Jessamine,Scrowston,scrowston.jessamine@4shared.com
133,Valerye,Marklew,marklew.valerye@t-online.de
134,Guss,Braizier,braizier.guss@xing.com
135,Donny,Nowakowska,nowakowska.donny@php.net
136,Charlton,Josiah,josiah.charlton@bloglines.com
137,Jammal,Sime,sime.jammal@yellowpages.com
138,Sapphira,Leifer,leifer.sapphira@umich.edu
139,Ferdie,Ferrara,ferrara.ferdie@nbcnews.com
140,Sephira,Messiter,messiter.sephira@last.fm
141,Miran,Sansam,sansam.miran@cnbc.com
142,Darn,Girardey,girardey.darn@free.fr
143,Archy,Hackly,hackly.archy@blinklist.com
144,Derward,Prowse,prowse.derward@wiley.com
145,Mauricio,Klaas,klaas.mauricio@businesswire.com
146,Arney,Sandeford,sandeford.arney@timesonline.co.uk
147,Samaria,Armor,armor.samaria@opera.com
148,Carol,Fallows,fallows.carol@nih.gov
149,Sandie,Polhill,polhill.sandie@rediff.com
150,Darda,Aughtie,aughtie.darda@pen.io
151,Patty,Tommasuzzi,tommasuzzi.patty@dell.com
152,Matthaeus,Bawme,bawme.matthaeus@wp.com
153,Korey,Glauber,glauber.korey@auda.org.au
154,Kacy,Griffith,griffith.kacy@instagram.com
155,Alie,Hoyte,hoyte.alie@nydailynews.com
156,Norene,Bener,bener.norene@ycombinator.com
157,Cris,Fulford,fulford.cris@bloomberg.com
158,Bald,Burrells,burrells.bald@twitter.com
159,Sybilla,Lieber,lieber.sybilla@desdev.cn
160,Cathlene,Prayer,prayer.cathlene@jigsy.com
161,Camila,Geering,geering.camila@engadget.com
162,Clarissa,Lindelof,lindelof.clarissa@g.co
163,Yasmin,Rheaume,rheaume.yasmin@go.com
164,Alvis,Woolger,woolger.alvis@samsung.com
165,Leela,Inglefield,inglefield.leela@noaa.gov
166,Dulcia,Bolmann,bolmann.dulcia@cbsnews.com
167,Katherine,Amaya,amaya.katherine@gmpg.org
168,Gabriellia,Mooreed,mooreed.gabriellia@tripod.com
169,Cybil,Tallquist,tallquist.cybil@fc2.com
170,Regan,Goodlett,goodlett.regan@digg.com
171,Toddie,Gamble,gamble.toddie@linkedin.com
172,Mayor,Girton,girton.mayor@hud.gov
173,Chick,Burrel,burrel.chick@arizona.edu
174,Anni,Rizzello,rizzello.anni@ca.gov
175,Keith,Di Giacomettino,di giacomettino.keith@trellian.com
176,Breanne,Walcar,walcar.breanne@wsj.com
177,Collie,McElree,mcelree.collie@ucsd.edu
178,Rufus,Townrow,townrow.rufus@merriam-webster.com
179,Karlens,Daymond,daymond.karlens@51.la
180,Madlin,Nappin,nappin.madlin@ow.ly
181,Herc,Wakeley,wakeley.herc@icio.us
182,Bertina,Sacker,sacker.bertina@arstechnica.com
183,Stan,Stovell,stovell.stan@pbs.org
184,Locke,Daynter,daynter.locke@163.com
185,Ingar,Miguel,miguel.ingar@spiegel.de
186,Eliza,Cassie,cassie.eliza@cbslocal.com
187,Sam,Whale,whale.sam@de.vu
188,Debra,Mowlam,mowlam.debra@eventbrite.com
189,Esma,Sowte,sowte.esma@soup.io
190,Edee,MacAskie,macaskie.edee@miitbeian.gov.cn
191,Abraham,Kintish,kintish.abraham@bigcartel.com
192,Jayme,Guillain,guillain.jayme@mit.edu
193,Jan,Beinisch,beinisch.jan@wp.com
194,Vasily,Madeley,madeley.vasily@wordpress.com
195,Dillon,Kleeman,kleeman.dillon@vinaora.com
196,Conn,Curlis,curlis.conn@businessweek.com
197,Timotheus,Filintsev,filintsev.timotheus@ow.ly
198,Cornelia,Galbraeth,galbraeth.cornelia@wikia.com
199,Brandy,Milligan,milligan.brandy@histats.com
200,Alfonse,Schutt,schutt.alfonse@360.cn
201,Kerstin,Sowter,sowter.kerstin@spotify.com
202,Abe,Humfrey,humfrey.abe@illinois.edu
203,Hugues,Quernel,quernel.hugues@sohu.com
204,Liesa,Cristofari,cristofari.liesa@tuttocitta.it
205,Filia,Kyrkeman,kyrkeman.filia@facebook.com
206,Reinaldos,Oppery,oppery.reinaldos@flavors.me
207,Valeda,Mushart,mushart.valeda@elegantthemes.com
208,Chan,Elloit,elloit.chan@hatena.ne.jp
209,Currey,Peckett,peckett.currey@tuttocitta.it
210,Mabel,Reeme,reeme.mabel@instagram.com
211,Kettie,MacIlhargy,macilhargy.kettie@slideshare.net
212,Wendy,Creasy,creasy.wendy@bluehost.com
213,Abeu,Arthurs,arthurs.abeu@jigsy.com
214,Dallis,Guye,guye.dallis@cdbaby.com
215,Rochelle,Riddell,riddell.rochelle@facebook.com
216,Pearla,Carah,carah.pearla@nasa.gov
217,Jacquetta,Tupman,tupman.jacquetta@home.pl
218,Rosana,Petrasek,petrasek.rosana@google.de
219,Dacy,Skinley,skinley.dacy@goodreads.com
220,Annis,Greenier,greenier.annis@so-net.ne.jp
221,Eziechiele,Giacomasso,giacomasso.eziechiele@phpbb.com
222,Katti,Eickhoff,eickhoff.katti@fc2.com
223,Roma,Letch,letch.roma@goodreads.com
224,Valerye,De Vries,de vries.valerye@nationalgeographic.com
225,Bliss,O'Feeny,o'feeny.bliss@loc.gov
226,Rancell,Rubel,rubel.rancell@ameblo.jp
227,Sonnie,Dishman,dishman.sonnie@answers.com
228,Chilton,Dashkov,dashkov.chilton@gnu.org
229,Marlie,Coyett,coyett.marlie@phoca.cz
230,Sullivan,Vedenichev,vedenichev.sullivan@slideshare.net
231,Averyl,Van Arsdall,van arsdall.averyl@friendfeed.com
232,Chaunce,Stelli,stelli.chaunce@moonfruit.com
233,Viviyan,Stripp,stripp.viviyan@jimdo.com
234,Blaine,Murty,murty.blaine@vk.com
235,Julia,Pape,pape.julia@liveinternet.ru
236,Dyan,Helix,helix.dyan@google.ca
237,Consuela,Munt,munt.consuela@devhub.com
238,Adel,Clowser,clowser.adel@google.pl
239,Marcel,Matyasik,matyasik.marcel@mit.edu
240,Tedra,Ginnety,ginnety.tedra@1688.com
241,Emogene,Shaw,shaw.emogene@addtoany.com
242,Jean,Bernardotte,bernardotte.jean@xinhuanet.com
243,Valera,Yurinov,yurinov.valera@amazon.de
244,Sancho,Ollarenshaw,ollarenshaw.sancho@wix.com
245,Dion,Yurukhin,yurukhin.dion@google.nl
246,Philippe,Roeby,roeby.philippe@qq.com
247,Pen,Keeney,keeney.pen@zimbio.com
248,Fedora,Maffey,maffey.fedora@alibaba.com
249,Rudie,Shepstone,shepstone.rudie@tripadvisor.com
250,Rebeca,Tuxell,tuxell.rebeca@clickbank.net
251,Colver,Sandyford,sandyford.colver@cbc.ca
252,Carlotta,Kimmitt,kimmitt.carlotta@nature.com
253,Derrik,Rosle,rosle.derrik@yahoo.co.jp
254,Derk,Mazonowicz,mazonowicz.derk@shinystat.com
255,Rosalinda,Itter,itter.rosalinda@seattletimes.com
256,Filberte,Gorelli,gorelli.filberte@japanpost.jp
257,Basile,Verheijden,verheijden.basile@walmart.com
258,Roddy,McCarthy,mccarthy.roddy@de.vu
259,Amandy,McFadin,mcfadin.amandy@usgs.gov
260,Elset,Manson,manson.elset@surveymonkey.com
261,Delly,Rheubottom,rheubottom.delly@myspace.com
262,Kessiah,Kille,kille.kessiah@aboutads.info
263,Rois,Northridge,northridge.rois@gizmodo.com
264,Janette,Eyer,eyer.janette@posterous.com
265,Valentino,Blakden,blakden.valentino@samsung.com
266,Tammi,Shard,shard.tammi@ox.ac.uk
267,Kaja,Lippingwell,lippingwell.kaja@themeforest.net
268,Gay,Dalgarno,dalgarno.gay@stanford.edu
269,Nap,Canfield,canfield.nap@jigsy.com
270,Sasha,St Leger,st leger.sasha@sciencedaily.com
271,Layla,Elnaugh,elnaugh.layla@europa.eu
272,Wallace,Kinver,kinver.wallace@illinois.edu
273,Kizzie,Martini,martini.kizzie@youtube.com
274,Mildrid,Poolton,poolton.mildrid@cbslocal.com
275,Giles,Mouse,mouse.giles@behance.net
276,Emelita,Symms,symms.emelita@dell.com
277,Edlin,Yoell,yoell.edlin@japanpost.jp
278,Harriette,Magrane,magrane.harriette@disqus.com
279,Zeb,Stave,stave.zeb@opensource.org
280,Merrile,Eisikovitsh,eisikovitsh.merrile@storify.com
281,Gretal,Larrie,larrie.gretal@walmart.com
282,Vivie,Rustedge,rustedge.vivie@sciencedaily.com
283,Stella,Josipovic,josipovic.stella@bluehost.com
284,Glenna,Braisher,braisher.glenna@dedecms.com
285,Kristal,Issacof,issacof.kristal@51.la
286,Ethel,Lethem,lethem.ethel@weebly.com
287,Idalia,Rabbage,rabbage.idalia@opera.com
288,Maryann,Scupham,scupham.maryann@patch.com
289,Jo,Juden,juden.jo@barnesandnoble.com
290,Giacobo,Jaycox,jaycox.giacobo@typepad.com
291,Perry,Cristofolo,cristofolo.perry@moonfruit.com
292,Gayle,McTague,mctague.gayle@answers.com
293,Christoffer,Frane,frane.christoffer@slate.com
294,Hermine,Camacke,camacke.hermine@ebay.co.uk
295,Honey,Joicey,joicey.honey@fc2.com
296,Skip,Connachan,connachan.skip@unesco.org
297,Lorrin,Fell,fell.lorrin@upenn.edu
298,Addie,Bigland,bigland.addie@gizmodo.com
299,Leslie,Carnegie,carnegie.leslie@creativecommons.org
300,Saidee,Jagger,jagger.saidee@cargocollective.com
301,Shena,La Padula,la padula.shena@yale.edu
302,Lorraine,Lauret,lauret.lorraine@tinypic.com
303,Car,Connett,connett.car@intel.com
304,Toni,Olijve,olijve.toni@merriam-webster.com
305,Rheta,Martini,martini.rheta@google.pl
306,Bobine,Anstead,anstead.bobine@typepad.com
307,Jacklin,McKelloch,mckelloch.jacklin@chron.com
308,Burl,Aulsford,aulsford.burl@e-recht24.de
309,Penrod,Woodyer,woodyer.penrod@mtv.com
310,Emyle,Scherer,scherer.emyle@oaic.gov.au
311,Michell,Brayson,brayson.michell@privacy.gov.au
312,Kath,Houseago,houseago.kath@wsj.com
313,Matthias,Ivamy,ivamy.matthias@vinaora.com
314,Benita,Wheelhouse,wheelhouse.benita@unesco.org
315,Javier,Lobley,lobley.javier@taobao.com
316,Templeton,Trustey,trustey.templeton@samsung.com
317,Isabelle,Cymper,cymper.isabelle@walmart.com
318,Cora,Farndale,farndale.cora@symantec.com
319,Corey,Garred,garred.corey@fotki.com
320,Egor,Robertet,robertet.egor@ca.gov
321,Harlin,Curthoys,curthoys.harlin@ftc.gov
322,Margarita,Tessier,tessier.margarita@cbc.ca
323,Bibby,Goulthorp,goulthorp.bibby@fda.gov
324,Natassia,Housley,housley.natassia@home.pl
325,Kathie,Ricarde,ricarde.kathie@businesswire.com
326,Lulita,Gilmartin,gilmartin.lulita@harvard.edu
327,Aluino,Rainton,rainton.aluino@hatena.ne.jp
328,Antone,Rubi,rubi.antone@biblegateway.com
329,Zane,Semmens,semmens.zane@intel.com
330,Lindy,Cocozza,cocozza.lindy@fastcompany.com
331,Fayre,Hawk,hawk.fayre@nydailynews.com
332,Genia,Badby,badby.genia@moonfruit.com
333,Aloysius,McRill,mcrill.aloysius@t-online.de
334,Germayne,Troy,troy.germayne@homestead.com
335,Delphine,Embury,embury.delphine@ted.com
336,Blisse,Studeart,studeart.blisse@scribd.com
337,Livy,Wyrill,wyrill.livy@flickr.com
338,Isidora,Emanson,emanson.isidora@geocities.jp
339,Torrey,Alasdair,alasdair.torrey@netvibes.com
340,Hill,Busby,busby.hill@wikispaces.com
341,Cahra,De Beauchamp,de beauchamp.cahra@prweb.com
342,Natalee,Bottoner,bottoner.natalee@i2i.jp
343,Colby,Duffill,duffill.colby@hc360.com
344,Krishna,Jannasch,jannasch.krishna@ucsd.edu
345,Hedy,Marrett,marrett.hedy@exblog.jp
346,Shawn,Dudliston,dudliston.shawn@amazon.com
347,Skipton,Delhay,delhay.skipton@chronoengine.com
348,Annalise,Fulop,fulop.annalise@webs.com
349,Adan,Philipeau,philipeau.adan@slashdot.org
350,Nancee,Clift,clift.nancee@paginegialle.it
351,Gladys,McGuinley,mcguinley.gladys@shutterfly.com
352,Esme,Crosland,crosland.esme@blogger.com
353,Tobey,McAnellye,mcanellye.tobey@jigsy.com
354,Fair,Phear,phear.fair@nyu.edu
355,Gaylene,Abadam,abadam.gaylene@amazonaws.com
356,Huntley,Gairdner,gairdner.huntley@squarespace.com
357,Leanor,Barnwill,barnwill.leanor@ucla.edu
358,Bee,Oseman,oseman.bee@theatlantic.com
359,Mitzi,McKune,mckune.mitzi@sohu.com
360,Elaina,Meenehan,meenehan.elaina@army.mil
361,Simone,Forri,forri.simone@wordpress.com
362,Pavlov,Brimble,brimble.pavlov@zimbio.com
363,Wakefield,Girardoni,girardoni.wakefield@privacy.gov.au
364,Sisely,Ladewig,ladewig.sisely@constantcontact.com
365,Daveen,Sieb,sieb.daveen@51.la
366,Adler,Merlin,merlin.adler@goo.ne.jp
367,Wes,Heaford,heaford.wes@issuu.com
368,Junie,Balden,balden.junie@friendfeed.com
369,Rhona,Conford,conford.rhona@about.me
370,Maryanna,Cholomin,cholomin.maryanna@icq.com
371,Earle,Grishaev,grishaev.earle@skype.com
372,Silvano,Ortner,ortner.silvano@washingtonpost.com
373,Ab,Hatliff,hatliff.ab@plala.or.jp
374,Tristan,Coombes,coombes.tristan@about.com
375,Curran,Tollfree,tollfree.curran@theatlantic.com
376,Randie,Compson,compson.randie@technorati.com
377,Melantha,Peschke,peschke.melantha@nhs.uk
378,Vivie,Lamdin,lamdin.vivie@hibu.com
379,Karita,Kondrachenko,kondrachenko.karita@spotify.com
380,Gwenette,Stopford,stopford.gwenette@nifty.com
381,Meta,Messam,messam.meta@unesco.org
382,Elena,Capener,capener.elena@networkadvertising.org
383,Viviyan,Massard,massard.viviyan@wiley.com
384,Orton,Ede,ede.orton@t.co
385,Godfry,Cellone,cellone.godfry@statcounter.com
386,Elladine,Fullstone,fullstone.elladine@springer.com
387,Neel,Rix,rix.neel@miibeian.gov.cn
388,Helen,Bondley,bondley.helen@ebay.co.uk
389,Berkie,Mourbey,mourbey.berkie@ihg.com
390,Nissy,Webster,webster.nissy@cbslocal.com
391,Renell,Sinott,sinott.renell@livejournal.com
392,Lauralee,Simpkins,simpkins.lauralee@prlog.org
393,Martha,Cumming,cumming.martha@blogspot.com
394,Lief,Westwood,westwood.lief@php.net
395,Thekla,Berthel,berthel.thekla@washingtonpost.com
396,Wilek,Branscomb,branscomb.wilek@noaa.gov
397,Tommi,Busain,busain.tommi@mail.ru
398,Cari,Donahue,donahue.cari@columbia.edu
399,Adlai,Stormont,stormont.adlai@accuweather.com
400,Christina,Bagwell,bagwell.christina@time.com
401,Leisha,Labern,labern.leisha@fc2.com
402,Dawna,Jeaycock,jeaycock.dawna@sakura.ne.jp
403,Ripley,Stoter,stoter.ripley@blog.com
404,Dori,Weyland,weyland.dori@rakuten.co.jp
405,Sully,Eltun,eltun.sully@csmonitor.com
406,Pryce,Vassie,vassie.pryce@cocolog-nifty.com
407,Silvanus,Stainton,stainton.silvanus@ibm.com
408,Alena,De Few,de few.alena@sina.com.cn
409,Isadora,Groarty,groarty.isadora@deliciousdays.com
410,Vanya,Byatt,byatt.vanya@answers.com
411,Orbadiah,Linge,linge.orbadiah@gov.uk
412,Clywd,Vickery,vickery.clywd@merriam-webster.com
413,Vidovik,Agdahl,agdahl.vidovik@arstechnica.com
414,Cheryl,Keeri,keeri.cheryl@delicious.com
415,Zane,Pridden,pridden.zane@omniture.com
416,Trevor,Rugiero,rugiero.trevor@usgs.gov
417,Kellina,Hryniewicz,hryniewicz.kellina@google.ru
418,Veriee,Gaspard,gaspard.veriee@exblog.jp
419,Barnebas,Johnys,johnys.barnebas@apache.org
420,Billie,Hembling,hembling.billie@rakuten.co.jp
421,Charles,Tatton,tatton.charles@google.com.au
422,Skye,Kenset,kenset.skye@livejournal.com
423,Jakob,Detloff,detloff.jakob@taobao.com
424,Gian,Pelham,pelham.gian@naver.com
425,Bethanne,Hourston,hourston.bethanne@elegantthemes.com
426,Earvin,Scarffe,scarffe.earvin@gravatar.com
427,Ariel,Turl,turl.ariel@livejournal.com
428,Annelise,Freemantle,freemantle.annelise@yellowpages.com
429,Teodorico,Kubas,kubas.teodorico@squarespace.com
430,Ethan,Benmore,benmore.ethan@cdbaby.com
431,Rollins,Filler,filler.rollins@nature.com
432,Beret,Deare,deare.beret@zimbio.com
433,Becca,Kowalski,kowalski.becca@aboutads.info
434,Robbie,Menzies,menzies.robbie@squarespace.com
435,Ingram,Cuxson,cuxson.ingram@gnu.org
436,Tiffanie,Endricci,endricci.tiffanie@princeton.edu
437,Goddart,Crowcroft,crowcroft.goddart@umn.edu
438,Tiena,Plewes,plewes.tiena@twitter.com
439,Hershel,Roggerone,roggerone.hershel@rambler.ru
440,Raleigh,Ferroni,ferroni.raleigh@wikispaces.com
441,Emmett,Gierke,gierke.emmett@soup.io
442,Martica,Killigrew,killigrew.martica@microsoft.com
443,Stanislaus,Brayshaw,brayshaw.stanislaus@tiny.cc
444,Erina,Smallcombe,smallcombe.erina@printfriendly.com
445,Wilhelm,Bounde,bounde.wilhelm@arizona.edu
446,Darcey,Yule,yule.darcey@alibaba.com
447,Alan,Methuen,methuen.alan@livejournal.com
448,Mavis,Witterick,witterick.mavis@xinhuanet.com
449,Anita,Chasney,chasney.anita@unicef.org
450,Emiline,Jorczyk,jorczyk.emiline@cornell.edu
451,Elissa,Kendred,kendred.elissa@japanpost.jp
452,Matilde,Whight,whight.matilde@gov.uk
453,Pavia,Crawshay,crawshay.pavia@cafepress.com
454,Gabbi,Milmoe,milmoe.gabbi@google.com.au
455,Jacquelynn,Dunk,dunk.jacquelynn@ox.ac.uk
456,Roby,Scouler,scouler.roby@soundcloud.com
457,Anabella,Hallwood,hallwood.anabella@yandex.ru
458,Emelda,Dofty,dofty.emelda@imgur.com
459,Ivor,Medwell,medwell.ivor@un.org
460,Freddi,Jesty,jesty.freddi@bloglines.com
461,Domeniga,Creedland,creedland.domeniga@nytimes.com
462,Pammie,Petry,petry.pammie@whitehouse.gov
463,Piper,McDugal,mcdugal.piper@moonfruit.com
464,Giustino,Maris,maris.giustino@goo.ne.jp
465,Annette,Agostini,agostini.annette@1688.com
466,Nissy,Hayth,hayth.nissy@cpanel.net
467,Lavena,Boswell,boswell.lavena@live.com
468,Corrianne,Dresche,dresche.corrianne@ihg.com
469,Darby,Dilon,dilon.darby@columbia.edu
470,Alina,Krale,krale.alina@phpbb.com
471,Antonie,Limerick,limerick.antonie@phpbb.com
472,Orazio,Luesley,luesley.orazio@auda.org.au
473,Keefe,Mertin,mertin.keefe@patch.com
474,Livia,Powter,powter.livia@hc360.com
475,Enid,Kettley,kettley.enid@cam.ac.uk
476,Prinz,Rayner,rayner.prinz@chronoengine.com
477,Ninetta,Meatcher,meatcher.ninetta@huffingtonpost.com
478,Benni,Ferrar,ferrar.benni@tamu.edu
479,Isadore,Bate,bate.isadore@nytimes.com
480,Dene,De Haven,de haven.dene@tumblr.com
481,Bancroft,Sterricks,sterricks.bancroft@cam.ac.uk
482,Ignacius,Schooley,schooley.ignacius@ed.gov
483,Rici,Joplin,joplin.rici@engadget.com
484,Margy,Jorcke,jorcke.margy@timesonline.co.uk
485,Ariadne,Dannatt,dannatt.ariadne@diigo.com
486,Astra,Fairham,fairham.astra@usda.gov
487,Tamqrah,Pietrowicz,pietrowicz.tamqrah@disqus.com
488,Almeria,Burhouse,burhouse.almeria@privacy.gov.au
489,Doralin,Drillingcourt,drillingcourt.doralin@buzzfeed.com
490,Amitie,Ballchin,ballchin.amitie@rakuten.co.jp
491,Rodrique,Gouldstone,gouldstone.rodrique@ycombinator.com
492,Loralee,Locksley,locksley.loralee@comcast.net
493,Gillan,Haack,haack.gillan@smugmug.com
494,Ugo,Bento,bento.ugo@nytimes.com
495,Zorana,Nodes,nodes.zorana@google.cn
496,Curran,Ochiltree,ochiltree.curran@spiegel.de
497,Lora,Kosiada,kosiada.lora@yahoo.com
498,Randal,Baggalley,baggalley.randal@bbc.co.uk
499,Eveleen,Senescall,senescall.eveleen@theguardian.com
500,Way,Gilhool,gilhool.way@shareasale.com
501,Daffie,Kubala,kubala.daffie@soundcloud.com
502,Doralin,Ninnoli,ninnoli.doralin@pcworld.com
503,Kelsi,Dincke,dincke.kelsi@imageshack.us
504,Harmonie,O'Keeffe,o'keeffe.harmonie@ted.com
505,Riobard,Narramor,narramor.riobard@usa.gov
506,Mady,Vasilkov,vasilkov.mady@jiathis.com
507,Garek,Standbrooke,standbrooke.garek@seesaa.net
508,Matthaeus,Akrigg,akrigg.matthaeus@huffingtonpost.com
509,Beryle,Froment,froment.beryle@networkadvertising.org
510,Jan,Coulbeck,coulbeck.jan@va.gov
511,Ainsley,Deyes,deyes.ainsley@acquirethisname.com
512,Jessee,Gallon,gallon.jessee@arizona.edu
513,Glennis,Behagg,behagg.glennis@army.mil
514,Kelsey,Hawford,hawford.kelsey@japanpost.jp
515,Margalo,Henryson,henryson.margalo@comsenz.com
516,Vin,Coath,coath.vin@youtube.com
517,Budd,Vannucci,vannucci.budd@ustream.tv
518,Rebekkah,Fowell,fowell.rebekkah@twitter.com
519,Pooh,Jiles,jiles.pooh@youtube.com
520,Ross,O'Criane,o'criane.ross@tumblr.com
521,Blair,Amor,amor.blair@kickstarter.com
522,Lane,McIntosh,mcintosh.lane@acquirethisname.com
523,Audrie,Syrad,syrad.audrie@pbs.org
524,Blayne,Brennand,brennand.blayne@dell.com
525,Kirsten,Gibbs,gibbs.kirsten@ibm.com
526,Gelya,Creffield,creffield.gelya@ow.ly
527,Ellerey,Botfield,botfield.ellerey@arstechnica.com
528,Kincaid,Mardlin,mardlin.kincaid@hostgator.com
529,Maiga,Jedrzejewsky,jedrzejewsky.maiga@ca.gov
530,Scarface,Yard,yard.scarface@slideshare.net
531,Lyndy,Goolden,goolden.lyndy@toplist.cz
532,Gawen,Gregson,gregson.gawen@reference.com
533,Rip,Anscott,anscott.rip@walmart.com
534,Sly,Clackson,clackson.sly@ocn.ne.jp
535,Shaylynn,Artis,artis.shaylynn@fema.gov
536,Kelbee,Ellwell,ellwell.kelbee@weebly.com
537,Tanya,Castiglio,castiglio.tanya@oracle.com
538,Raychel,MacAulay,macaulay.raychel@alexa.com
539,Dagmar,Haburne,haburne.dagmar@japanpost.jp
540,Juditha,O'Shiel,o'shiel.juditha@baidu.com
541,Jehanna,Meechan,meechan.jehanna@delicious.com
542,Kliment,Beeken,beeken.kliment@spiegel.de
543,Janie,Wrassell,wrassell.janie@stumbleupon.com
544,Cordey,Kinny,kinny.cordey@fastcompany.com
545,Rolland,Fores,fores.rolland@nationalgeographic.com
546,Merrel,Liptrod,liptrod.merrel@usatoday.com
547,Thedrick,Luberti,luberti.thedrick@shinystat.com
548,Frederico,Cowitz,cowitz.frederico@wikia.com
549,Blanca,D'Avaux,d'avaux.blanca@ask.com
550,Kylie,Worner,worner.kylie@rambler.ru
551,Bettine,Paiton,paiton.bettine@wp.com
552,Dixie,Rozec,rozec.dixie@ebay.com
553,Ada,Biaggelli,biaggelli.ada@squidoo.com
554,Mariquilla,Storror,storror.mariquilla@ca.gov
555,Billye,Dowyer,dowyer.billye@opensource.org
556,Ashley,Goodlake,goodlake.ashley@home.pl
557,Maddie,Yackiminie,yackiminie.maddie@shinystat.com
558,Mae,Ostick,ostick.mae@gizmodo.com
559,Paola,Hamson,hamson.paola@usnews.com
560,Melesa,Callington,callington.melesa@paypal.com
561,Bernadina,Scamel,scamel.bernadina@vimeo.com
562,Quill,Minthorpe,minthorpe.quill@npr.org
563,Katey,Tesh,tesh.katey@umich.edu
564,Jodee,Stonebanks,stonebanks.jodee@mail.ru
565,Shanan,Stronge,stronge.shanan@ocn.ne.jp
566,Hinze,Bulger,bulger.hinze@netlog.com
567,Maryellen,Ramsbottom,ramsbottom.maryellen@prlog.org
568,Rabi,Hubbucks,hubbucks.rabi@telegraph.co.uk
569,Farley,Marcu,marcu.farley@cnn.com
570,Oran,Hankin,hankin.oran@nyu.edu
571,Clair,Darter,darter.clair@hostgator.com
572,Allan,Walpole,walpole.allan@gizmodo.com
573,Flora,Fowlston,fowlston.flora@sogou.com
574,Vinny,Mapson,mapson.vinny@diigo.com
575,Gail,Mervyn,mervyn.gail@netlog.com
576,Gene,Custed,custed.gene@abc.net.au
577,Simona,Sellers,sellers.simona@dedecms.com
578,Thekla,Wherton,wherton.thekla@techcrunch.com
579,Charmaine,Ames,ames.charmaine@amazon.com
580,Garth,Toone,toone.garth@last.fm
581,Candida,Toffalo,toffalo.candida@vimeo.com
582,Maurise,Reder,reder.maurise@china.com.cn
583,Jerri,Stuther,stuther.jerri@google.ca
584,Alysia,Ivakhin,ivakhin.alysia@yellowpages.com
585,Farra,Boriston,boriston.farra@buzzfeed.com
586,Kerstin,Catterick,catterick.kerstin@harvard.edu
587,Agnella,Vargas,vargas.agnella@sogou.com
588,Lambert,Lacasa,lacasa.lambert@reuters.com
589,Monte,O'Canavan,o'canavan.monte@usatoday.com
590,Corliss,Rowthorne,rowthorne.corliss@canalblog.com
591,Genia,Worthy,worthy.genia@stumbleupon.com
592,Annadiana,McTiernan,mctiernan.annadiana@i2i.jp
593,Thoma,Donneely,donneely.thoma@edublogs.org
594,Pegeen,Maior,maior.pegeen@cnn.com
595,Gabrila,Calles,calles.gabrila@wp.com
596,Genevieve,Northover,northover.genevieve@youtu.be
597,Anabal,Melloy,melloy.anabal@kickstarter.com
598,Raddie,Samuels,samuels.raddie@a8.net
599,Brigg,Pedracci,pedracci.brigg@seesaa.net
600,Clevey,Searby,searby.clevey@meetup.com
601,Adan,Vellender,vellender.adan@purevolume.com
602,Fawnia,Kynett,kynett.fawnia@sourceforge.net
603,Frasco,Haddon,haddon.frasco@hubpages.com
604,Janet,Lugsdin,lugsdin.janet@businesswire.com
605,Marlow,Chazotte,chazotte.marlow@sfgate.com
606,Torre,Santos,santos.torre@chron.com
607,Dorian,Stoffel,stoffel.dorian@kickstarter.com
608,Datha,Cloughton,cloughton.datha@goodreads.com
609,Cello,Schultes,schultes.cello@drupal.org
610,Costa,Neame,neame.costa@w3.org
611,Dolly,Phinn,phinn.dolly@ox.ac.uk
612,Marji,Belcham,belcham.marji@nymag.com
613,Sandi,Dodson,dodson.sandi@soundcloud.com
614,Irene,Dimitrijevic,dimitrijevic.irene@arstechnica.com
615,Fredra,Dowson,dowson.fredra@tripod.com
616,Tonie,Kornilyev,kornilyev.tonie@indiegogo.com
617,Ivonne,Senogles,senogles.ivonne@furl.net
618,Kent,Gilmore,gilmore.kent@trellian.com
619,Kittie,Ellens,ellens.kittie@msn.com
620,Esme,Glazyer,glazyer.esme@jimdo.com
621,Nelia,Wettern,wettern.nelia@behance.net
622,Estell,Bastard,bastard.estell@sohu.com
623,Andres,Andriulis,andriulis.andres@chronoengine.com
624,Celestyn,MacIan,macian.celestyn@reference.com
625,Waylon,Janjic,janjic.waylon@bluehost.com
626,Amii,Guiu,guiu.amii@google.de
627,Dorene,Kohen,kohen.dorene@pcworld.com
628,Yorke,Pilsworth,pilsworth.yorke@google.pl
629,Batholomew,Wilkenson,wilkenson.batholomew@aol.com
630,Maybelle,Seyler,seyler.maybelle@mapy.cz
631,Caspar,Hupka,hupka.caspar@networksolutions.com
632,Winslow,Sally,sally.winslow@ucla.edu
633,Temple,Maling,maling.temple@photobucket.com
634,Jamey,Woollett,woollett.jamey@example.com
635,Willy,Bacop,bacop.willy@dailymotion.com
636,Christiano,Flook,flook.christiano@about.me
637,Bibi,Al Hirsi,al hirsi.bibi@ask.com
638,Amelia,Killwick,killwick.amelia@plala.or.jp
639,Britt,Yurchishin,yurchishin.britt@toplist.cz
640,Ikey,Lyptrit,lyptrit.ikey@slideshare.net
641,Marc,O'Dare,o'dare.marc@nifty.com
642,Rice,Keating,keating.rice@sakura.ne.jp
643,Idalia,Bourdel,bourdel.idalia@ebay.com
644,Beulah,Marrow,marrow.beulah@cpanel.net
645,Rochette,Syrie,syrie.rochette@paypal.com
646,Bartolemo,Le Brum,le brum.bartolemo@indiatimes.com
647,Adora,Yankishin,yankishin.adora@gmpg.org
648,Arty,Sellstrom,sellstrom.arty@wiley.com
649,Ethelin,Freake,freake.ethelin@google.com.hk
650,Sherie,Minto,minto.sherie@e-recht24.de
651,Toby,Stollenberg,stollenberg.toby@desdev.cn
652,Salim,Shutte,shutte.salim@fastcompany.com
653,Lara,Duiguid,duiguid.lara@wunderground.com
654,Kipp,Ardron,ardron.kipp@arizona.edu
655,Krystyna,Flecknoe,flecknoe.krystyna@goo.ne.jp
656,Goldy,Kirby,kirby.goldy@vinaora.com
657,Zia,Doale,doale.zia@github.com
658,Reuben,Betje,betje.reuben@washingtonpost.com
659,Taryn,Treasure,treasure.taryn@apple.com
660,Reinhard,Boyson,boyson.reinhard@artisteer.com
661,Rickie,Dewey,dewey.rickie@rambler.ru
662,Cly,Abrahamsson,abrahamsson.cly@twitpic.com
663,Nickie,Benet,benet.nickie@spotify.com
664,Wendy,Charville,charville.wendy@flickr.com
665,Thacher,Bellew,bellew.thacher@goo.gl
666,Lurlene,Scole,scole.lurlene@xing.com
667,Shawn,Formby,formby.shawn@odnoklassniki.ru
668,Grethel,Bowling,bowling.grethel@taobao.com
669,Clifford,Chese,chese.clifford@europa.eu
670,Oberon,Tribell,tribell.oberon@cargocollective.com
671,Linnet,Mundford,mundford.linnet@purevolume.com
672,Jeromy,Rapley,rapley.jeromy@tripadvisor.com
673,Ilene,Ivankov,ivankov.ilene@privacy.gov.au
674,Rhodia,Pasterfield,pasterfield.rhodia@discuz.net
675,Shaun,Headford,headford.shaun@fda.gov
676,Lynea,Ganter,ganter.lynea@clickbank.net
677,Joshua,Peealess,peealess.joshua@ameblo.jp
678,Odille,Pitrollo,pitrollo.odille@slideshare.net
679,Bride,Hedley,hedley.bride@mapy.cz
680,Xavier,Wilford,wilford.xavier@sbwire.com
681,Corbet,Cureton,cureton.corbet@wired.com
682,Ferdinanda,Treble,treble.ferdinanda@cnbc.com
683,Ole,Megahey,megahey.ole@technorati.com
684,Arline,Leggate,leggate.arline@techcrunch.com
685,Sunny,Hellings,hellings.sunny@tinyurl.com
686,Jaye,MacPeice,macpeice.jaye@weibo.com
687,Sophronia,Soeiro,soeiro.sophronia@mit.edu
688,Cynthy,Glendza,glendza.cynthy@rediff.com
689,Beverly,Trail,trail.beverly@techcrunch.com
690,Bridie,Pashby,pashby.bridie@example.com
691,Dom,Velden,velden.dom@youtu.be
692,Rogers,Anstead,anstead.rogers@vk.com
693,Gisele,Whittet,whittet.gisele@cmu.edu
694,Garrot,Siderfin,siderfin.garrot@prnewswire.com
695,Rahel,Mariner,mariner.rahel@rakuten.co.jp
696,Thorpe,Parncutt,parncutt.thorpe@discovery.com
697,Hortensia,Senyard,senyard.hortensia@so-net.ne.jp
698,Leann,Fricker,fricker.leann@addthis.com
699,Damian,Tampling,tampling.damian@jalbum.net
700,Nigel,Jordi,jordi.nigel@mit.edu
701,Sonia,Philliskirk,philliskirk.sonia@telegraph.co.uk
702,Elias,Tidcombe,tidcombe.elias@earthlink.net
703,Georgena,Lissandri,lissandri.georgena@blog.com
704,Hadlee,Corstorphine,corstorphine.hadlee@telegraph.co.uk
705,Uta,Qualtro,qualtro.uta@discuz.net
706,Kara-lynn,Beckerleg,beckerleg.kara-lynn@cam.ac.uk
707,Bennett,McCreary,mccreary.bennett@tumblr.com
708,Pammie,Priel,priel.pammie@addthis.com
709,Pauly,Hurler,hurler.pauly@wufoo.com
710,Ewen,Collin,collin.ewen@hc360.com
711,Liza,Cosker,cosker.liza@ucsd.edu
712,Berthe,Gunther,gunther.berthe@jiathis.com
713,Bobbee,Graddell,graddell.bobbee@hostgator.com
714,Lloyd,Locks,locks.lloyd@sun.com
715,Mattias,Delort,delort.mattias@list-manage.com
716,Shena,Rayer,rayer.shena@woothemes.com
717,Dorolisa,Dober,dober.dorolisa@google.es
718,Elvyn,Roche,roche.elvyn@uiuc.edu
719,Friedrich,Godilington,godilington.friedrich@vk.com
720,Tamarah,Plimmer,plimmer.tamarah@springer.com
721,Gilberta,McBryde,mcbryde.gilberta@naver.com
722,Garland,Sarah,sarah.garland@pagesperso-orange.fr
723,Stefan,Brokenshaw,brokenshaw.stefan@discovery.com
724,Irv,Hathaway,hathaway.irv@symantec.com
725,Charlotte,Bust,bust.charlotte@yolasite.com
726,Dion,Etchells,etchells.dion@bizjournals.com
727,Avivah,Pettus,pettus.avivah@furl.net
728,Patrick,Scudder,scudder.patrick@e-recht24.de
729,Herta,Madeley,madeley.herta@smugmug.com
730,Maisey,Gooch,gooch.maisey@boston.com
731,Christoph,Millions,millions.christoph@guardian.co.uk
732,Travers,Bachnic,bachnic.travers@marketwatch.com
733,Osmund,Conyard,conyard.osmund@cnn.com
734,Arie,Botcherby,botcherby.arie@stanford.edu
735,Ambur,Santorini,santorini.ambur@topsy.com
736,Boothe,Jouning,jouning.boothe@microsoft.com
737,Alexei,Paolucci,paolucci.alexei@feedburner.com
738,Catarina,Baglin,baglin.catarina@ycombinator.com
739,Sandy,MacAiline,macailine.sandy@infoseek.co.jp
740,Earlie,McCollum,mccollum.earlie@theatlantic.com
741,Jo,Pottle,pottle.jo@springer.com
742,Caterina,Garbott,garbott.caterina@hao123.com
743,Willetta,Roston,roston.willetta@mapy.cz
744,Bonnibelle,Conybear,conybear.bonnibelle@fda.gov
745,Kalindi,Fletcher,fletcher.kalindi@google.it
746,Dotty,Mashal,mashal.dotty@dell.com
747,Marylou,Rove,rove.marylou@pbs.org
748,Kimmie,Bayles,bayles.kimmie@vk.com
749,Amii,Bellows,bellows.amii@addtoany.com
750,Gerrard,Robberecht,robberecht.gerrard@ted.com
751,Sigvard,Stanlick,stanlick.sigvard@ucla.edu
752,Mathian,Everleigh,everleigh.mathian@so-net.ne.jp
753,Tuesday,Huntall,huntall.tuesday@sakura.ne.jp
754,Enos,Wolters,wolters.enos@google.com
755,Christiano,McHenry,mchenry.christiano@howstuffworks.com
756,Quentin,Perico,perico.quentin@bloomberg.com
757,Mel,Wickes,wickes.mel@cyberchimps.com
758,Tomasina,Pranger,pranger.tomasina@dmoz.org
759,Dorise,Piggins,piggins.dorise@nhs.uk
760,Killy,Piggot,piggot.killy@mayoclinic.com
761,Franky,de Broke,de broke.franky@earthlink.net
762,Cyrille,Gadsden,gadsden.cyrille@weibo.com
763,Brion,Merfin,merfin.brion@amazon.co.jp
764,Lory,Bellon,bellon.lory@instagram.com
765,Chanda,Camamill,camamill.chanda@bigcartel.com
766,Donnie,Compson,compson.donnie@examiner.com
767,Domingo,Antonomolii,antonomolii.domingo@fastcompany.com
768,Berty,Edmundson,edmundson.berty@cmu.edu
769,Desdemona,Chrisp,chrisp.desdemona@indiegogo.com
770,Bertie,Taill,taill.bertie@e-recht24.de
771,Sapphire,Gibling,gibling.sapphire@ask.com
772,Kari,McGonigal,mcgonigal.kari@oaic.gov.au
773,Smitty,Bysaker,bysaker.smitty@google.nl
774,Meggi,Toke,toke.meggi@shareasale.com
775,Yolane,Eyeington,eyeington.yolane@opera.com
776,Reginauld,Jordine,jordine.reginauld@shop-pro.jp
777,Karalee,Hollingby,hollingby.karalee@usatoday.com
778,Carlen,Yallowley,yallowley.carlen@bandcamp.com
779,Renelle,Cohani,cohani.renelle@noaa.gov
780,Marjorie,Peddowe,peddowe.marjorie@hc360.com
781,Isadore,Tibbits,tibbits.isadore@addtoany.com
782,Kerk,Meadmore,meadmore.kerk@goo.gl
783,Hobey,Southerden,southerden.hobey@jugem.jp
784,Petronilla,Kem,kem.petronilla@hostgator.com
785,Jareb,Arnaldy,arnaldy.jareb@wufoo.com
786,Jonis,Neasham,neasham.jonis@discuz.net
787,Bernardo,Toomer,toomer.bernardo@google.nl
788,Basil,Ockleshaw,ockleshaw.basil@vk.com
789,Agnella,Rainy,rainy.agnella@tinypic.com
790,Krystalle,Ector,ector.krystalle@admin.ch
791,George,Millott,millott.george@friendfeed.com
792,Corbet,Lundberg,lundberg.corbet@free.fr
793,Laughton,Allans,allans.laughton@cornell.edu
794,Georgette,Nottram,nottram.georgette@technorati.com
795,Charmane,Di Francesco,di francesco.charmane@mayoclinic.com
796,Jodi,Wittering,wittering.jodi@geocities.jp
797,Nye,Brack,brack.nye@wiley.com
798,Byran,Redwood,redwood.byran@huffingtonpost.com
799,Claudianus,Oxlade,oxlade.claudianus@taobao.com
800,Glenine,Halcro,halcro.glenine@nhs.uk
801,Far,Alexandrescu,alexandrescu.far@ustream.tv
802,Lambert,Dubock,dubock.lambert@tinypic.com
803,Raddy,Collinge,collinge.raddy@globo.com
804,Maddie,Cossans,cossans.maddie@meetup.com
805,Alis,Redon,redon.alis@dmoz.org
806,Standford,Coey,coey.standford@about.com
807,Demetri,Byrd,byrd.demetri@clickbank.net
808,Serene,Bowbrick,bowbrick.serene@census.gov
809,Kleon,Mabon,mabon.kleon@fda.gov
810,Dominik,Kissell,kissell.dominik@earthlink.net
811,Lela,Mac Giany,mac giany.lela@lulu.com
812,Hanna,Demelt,demelt.hanna@unesco.org
813,Hilliard,Scatchar,scatchar.hilliard@un.org
814,Nicki,Fitzer,fitzer.nicki@themeforest.net
815,Jeramie,Showalter,showalter.jeramie@hostgator.com
816,Koressa,D'Oyley,d'oyley.koressa@diigo.com
817,El,Semmens,semmens.el@nytimes.com
818,Juliet,Latta,latta.juliet@google.co.jp
819,Griswold,Poppleton,poppleton.griswold@list-manage.com
820,Jania,Billion,billion.jania@rakuten.co.jp
821,Doti,Slixby,slixby.doti@symantec.com
822,Lucius,Bunten,bunten.lucius@ftc.gov
823,Angy,Galway,galway.angy@army.mil
824,Oralie,Suddell,suddell.oralie@fotki.com
825,Kamillah,MacAree,macaree.kamillah@rakuten.co.jp
826,Godfrey,Renton,renton.godfrey@oracle.com
827,Cherry,Farran,farran.cherry@simplemachines.org
828,Ignacio,Lardez,lardez.ignacio@berkeley.edu
829,Paddie,McGrale,mcgrale.paddie@i2i.jp
830,Tate,Firidolfi,firidolfi.tate@canalblog.com
831,Vivianna,Habert,habert.vivianna@examiner.com
832,Derk,MacAllan,macallan.derk@walmart.com
833,Katie,Lysons,lysons.katie@nature.com
834,Ermengarde,Bletsor,bletsor.ermengarde@discovery.com
835,Jenni,Bulbeck,bulbeck.jenni@mail.ru
836,Jacquelyn,Clemson,clemson.jacquelyn@telegraph.co.uk
837,Morton,Jakubowicz,jakubowicz.morton@people.com.cn
838,Selby,Lailey,lailey.selby@networkadvertising.org
839,Delano,Crunkhorn,crunkhorn.delano@latimes.com
840,Neddy,Jirsa,jirsa.neddy@rambler.ru
841,Arlyne,Moro,moro.arlyne@domainmarket.com
842,Saw,Happer,happer.saw@washington.edu
843,Imojean,Gibbons,gibbons.imojean@nyu.edu
844,Aldric,Dudliston,dudliston.aldric@clickbank.net
845,Dolph,Jennions,jennions.dolph@boston.com
846,Yvonne,Lumber,lumber.yvonne@businessinsider.com
847,Sibeal,Ledner,ledner.sibeal@blog.com
848,Johannes,Cino,cino.johannes@feedburner.com
849,Caitlin,Trittam,trittam.caitlin@globo.com
850,Piotr,Haig,haig.piotr@networksolutions.com
851,Berk,Bezley,bezley.berk@weibo.com
852,Kittie,Botten,botten.kittie@narod.ru
853,Lion,Nellis,nellis.lion@google.co.uk
854,Ray,Karpol,karpol.ray@google.com.br
855,Gerald,Rigbye,rigbye.gerald@is.gd
856,Catha,Dublin,dublin.catha@homestead.com
857,Orton,Wayte,wayte.orton@webmd.com
858,Stanley,Pfeifer,pfeifer.stanley@instagram.com
859,Fanchette,Strodder,strodder.fanchette@merriam-webster.com
860,Rodolphe,Alessandrelli,alessandrelli.rodolphe@guardian.co.uk
861,Moises,Antecki,antecki.moises@themeforest.net
862,Bettye,Morrissey,morrissey.bettye@mediafire.com
863,Thibaud,Tubby,tubby.thibaud@simplemachines.org
864,Ed,Revening,revening.ed@facebook.com
865,Shell,D'Aulby,d'aulby.shell@dedecms.com
866,Ram,Dohr,dohr.ram@smh.com.au
867,Hartley,Coaster,coaster.hartley@businesswire.com
868,Rogerio,MacKessock,mackessock.rogerio@blogspot.com
869,Bone,Kield,kield.bone@time.com
870,Catriona,Cardoo,cardoo.catriona@mac.com
871,Sterling,Geane,geane.sterling@alibaba.com
872,Inger,Favela,favela.inger@uiuc.edu
873,Hamlin,Ast,ast.hamlin@cbsnews.com
874,Mufinella,Meaddowcroft,meaddowcroft.mufinella@shop-pro.jp
875,Hadleigh,Wilcox,wilcox.hadleigh@cafepress.com
876,Maddy,Durgan,durgan.maddy@geocities.jp
877,Phyllida,Ginner,ginner.phyllida@google.com
878,Emelina,Giacobilio,giacobilio.emelina@cpanel.net
879,Hubert,Machel,machel.hubert@techcrunch.com
880,Gretel,Avesque,avesque.gretel@tiny.cc
881,Maurene,Issitt,issitt.maurene@spotify.com
882,Rustin,Pennigar,pennigar.rustin@seesaa.net
883,Bary,Lonie,lonie.bary@domainmarket.com
884,Rozanne,Bortolussi,bortolussi.rozanne@macromedia.com
885,Michaela,Impy,impy.michaela@indiatimes.com
886,Fiorenze,Ashenhurst,ashenhurst.fiorenze@cnbc.com
887,Ramsay,Hackett,hackett.ramsay@comsenz.com
888,Yovonnda,Fike,fike.yovonnda@netscape.com
889,Smitty,Castellan,castellan.smitty@eventbrite.com
890,Kristel,Winyard,winyard.kristel@google.fr
891,Jo-ann,Grafhom,grafhom.jo-ann@ftc.gov
892,Florrie,Castellone,castellone.florrie@bbc.co.uk
893,Web,Ornelas,ornelas.web@miibeian.gov.cn
894,Verney,Osgordby,osgordby.verney@noaa.gov
895,Leupold,Duncklee,duncklee.leupold@redcross.org
896,Truda,Bakesef,bakesef.truda@booking.com
897,Chase,Mollin,mollin.chase@xrea.com
898,Junie,Westbury,westbury.junie@photobucket.com
899,Purcell,Wildey,wildey.purcell@toplist.cz
900,Lydon,Atwel,atwel.lydon@ucoz.ru
901,Daron,Liddon,liddon.daron@marketwatch.com
902,Nadeen,Fallawe,fallawe.nadeen@furl.net
903,Hamish,Dorricott,dorricott.hamish@biblegateway.com
904,Alford,Dobbinson,dobbinson.alford@instagram.com
905,Lian,Thelwll,thelwll.lian@aol.com
906,Ethel,Libermore,libermore.ethel@businesswire.com
907,Kanya,Rayman,rayman.kanya@soundcloud.com
908,Alonzo,Palmby,palmby.alonzo@digg.com
909,Rawley,Maliffe,maliffe.rawley@ning.com
910,Sharona,Scriviner,scriviner.sharona@blogtalkradio.com
911,Willabella,Stephen,stephen.willabella@scribd.com
912,Luis,Shiers,shiers.luis@myspace.com
913,Sara-ann,Danilchenko,danilchenko.sara-ann@artisteer.com
914,Gizela,Yelland,yelland.gizela@1688.com
915,Graeme,Verling,verling.graeme@imgur.com
916,Arch,Jovis,jovis.arch@usa.gov
917,Merill,Brouncker,brouncker.merill@e-recht24.de
918,Noella,Kender,kender.noella@wix.com
919,Gretna,Pattrick,pattrick.gretna@xing.com
920,Danyelle,Henryson,henryson.danyelle@infoseek.co.jp
921,Phaedra,Oakenfall,oakenfall.phaedra@seesaa.net
922,Vilhelmina,Haffard,haffard.vilhelmina@slideshare.net
923,Colby,Floyde,floyde.colby@telegraph.co.uk
924,Merralee,Woodruff,woodruff.merralee@reuters.com
925,Pierce,Krikorian,krikorian.pierce@ihg.com
926,Irina,Heartfield,heartfield.irina@yellowbook.com
927,Danica,Bewshea,bewshea.danica@elpais.com
928,Baudoin,Ramage,ramage.baudoin@ezinearticles.com
929,Adolph,Lomb,lomb.adolph@google.co.jp
930,Jesus,Sugarman,sugarman.jesus@zimbio.com
931,Bethena,Bayless,bayless.bethena@ucoz.com
932,Dallas,Mercy,mercy.dallas@ebay.co.uk
933,Brendon,Jerok,jerok.brendon@cafepress.com
934,Vevay,Larrat,larrat.vevay@smugmug.com
935,Yetta,O'Hartagan,o'hartagan.yetta@imageshack.us
936,Flori,Kiwitz,kiwitz.flori@weebly.com
937,Kayla,Strelitzki,strelitzki.kayla@toplist.cz
938,Cully,Gatesman,gatesman.cully@digg.com
939,Marlena,Jankovic,jankovic.marlena@mtv.com
940,Carma,Anelay,anelay.carma@deviantart.com
941,Marylinda,Jellyman,jellyman.marylinda@live.com
942,Gregoire,Allot,allot.gregoire@adobe.com
943,Kiri,McKay,mckay.kiri@bluehost.com
944,Briana,Hun,hun.briana@indiatimes.com
945,Aurilia,Ghirardi,ghirardi.aurilia@reddit.com
946,Neille,Pounder,pounder.neille@123-reg.co.uk
947,Stearn,Schultheiss,schultheiss.stearn@apple.com
948,Darrick,Cadge,cadge.darrick@sciencedirect.com
949,Charity,Elnor,elnor.charity@reuters.com
950,Ertha,Veighey,veighey.ertha@fc2.com
951,Susann,Keggins,keggins.susann@biglobe.ne.jp
952,Jayme,Nelles,nelles.jayme@scientificamerican.com
953,Willamina,Syseland,syseland.willamina@blogs.com
954,Gisele,Wackly,wackly.gisele@phpbb.com
955,Mickey,Infante,infante.mickey@economist.com
956,Ali,Klugel,klugel.ali@msu.edu
957,Daryn,Rudham,rudham.daryn@a8.net
958,Lorin,Boddy,boddy.lorin@pinterest.com
959,Cherianne,Nice,nice.cherianne@amazon.co.uk
960,Haleigh,Sadlier,sadlier.haleigh@tinypic.com
961,Tades,Brugemann,brugemann.tades@comsenz.com
962,Yehudi,Chastagnier,chastagnier.yehudi@godaddy.com
963,Trevar,Killelay,killelay.trevar@myspace.com
964,Doralyn,Ortner,ortner.doralyn@meetup.com
965,Joan,Gyenes,gyenes.joan@ftc.gov
966,Petronia,Longworthy,longworthy.petronia@buzzfeed.com
967,Midge,Rotherforth,rotherforth.midge@drupal.org
968,Alejandra,Brelsford,brelsford.alejandra@lulu.com
969,Earl,Layborn,layborn.earl@gizmodo.com
970,Pier,Durrans,durrans.pier@people.com.cn
971,Kristyn,Burne,burne.kristyn@exblog.jp
972,Barney,Chellingworth,chellingworth.barney@sfgate.com
973,Tiertza,Barrie,barrie.tiertza@fema.gov
974,Ferguson,Hainning,hainning.ferguson@parallels.com
975,Ferdinanda,Clarkson,clarkson.ferdinanda@netvibes.com
976,Eden,Cud,cud.eden@g.co
977,Adam,Janatka,janatka.adam@google.ca
978,Brewster,Bibb,bibb.brewster@deviantart.com
979,Samuel,De Fries,de fries.samuel@pagesperso-orange.fr
980,Zollie,Gason,gason.zollie@360.cn
981,Fiann,Booeln,booeln.fiann@tmall.com
982,Ty,Arnall,arnall.ty@so-net.ne.jp
983,Alejandrina,Zelley,zelley.alejandrina@europa.eu
984,Catie,Sango,sango.catie@nba.com
985,Daphne,Sedcole,sedcole.daphne@trellian.com
986,Vaughn,Vasilic,vasilic.vaughn@webmd.com
987,Gert,Lemmon,lemmon.gert@marketwatch.com
988,Ode,Georges,georges.ode@toplist.cz
989,Patsy,Shurville,shurville.patsy@comsenz.com
990,Tamma,Gookes,gookes.tamma@reddit.com
991,Chance,Hargrove,hargrove.chance@prnewswire.com
992,Mannie,Aleksandrikin,aleksandrikin.mannie@huffingtonpost.com
993,Amandy,Nucciotti,nucciotti.amandy@github.io
994,Denys,Goldthorpe,goldthorpe.denys@flickr.com
995,Xaviera,Franc,franc.xaviera@hubpages.com
996,Giustina,Balma,balma.giustina@google.co.uk
997,Free,Woodger,woodger.free@dagondesign.com
998,Templeton,Gonthier,gonthier.templeton@marriott.com
999,Liz,Sign,sign.liz@sakura.ne.jp
1000,Noni,Aldham,aldham.noni@dyndns.org
